"","PL","Team"
"1",1,"Dartmouth"
"2",2,"MIT"
"3",3,"Vermont"
"4",4,"Colby-Sawyer"
"5",1,"U. of Chicago"
"6",2,"Washington U."
"7",3,"Indiana State"
"8",4,"DePauw"
"9",5,"Grinnell"
"10",6,"Run Club at IU"
"11",7,"Central College"
"12",8,"Elmhurst"
"13",9,"Wis.-Whitewater"
"14",10,"Wis.-Oshkosh"
"15",11,"Trine"
"16",12,"Centre"
"17",13,"Kalamazoo"
"18",14,"St. Mary-of-the-Woods"
"19",15,"Anderson (Ind.)"
"20",16,"Webster"
"21",NA,"Aurora"
"22",1,"MIT"
"23",2,"NYU"
"24",3,"Williams"
"25",4,"Washington and Lee"
"26",5,"Amherst"
"27",6,"St. Olaf"
"28",7,"Tufts"
"29",8,"Middlebury"
"30",9,"Connecticut College"
"31",10,"Vassar"
"32",11,"Coast Guard"
"33",12,"Wis.-Oshkosh"
"34",13,"Smith"
"35",14,"Bates"
"36",15,"Bowdoin"
"37",16,"Colby"
"38",17,"Misericordia"
"39",18,"Wellesley"
"40",19,"St. Lawrence"
"41",20,"Suffolk"
"42",21,"Keene State"
"43",22,"Union (N.Y.)"
"44",23,"Trinity (Conn.)"
"45",24,"Gordon"
"46",25,"Westfield State"
"47",26,"Brandeis"
"48",27,"Roger Williams"
"49",28,"Wesleyan"
"50",29,"Mount Holyoke"
"51",30,"Denison"
"52",31,"Springfield"
"53",32,"Salve Regina"
"54",33,"UMass Dartmouth"
"55",34,"Montclair State"
"56",35,"Eastern Conn. St."
"57",36,"Plattsburgh St."
"58",37,"Marywood"
"59",NA,"USMMA"
"60",1,"MIT"
"61",2,"Coast Guard"
"62",3,"Smith"
"63",4,"Mount Holyoke"
"64",5,"Wellesley"
"65",6,"Springfield"
"66",7,"Babson"
"67",8,"Clark (Mass.)"
"68",9,"WPI"
"69",10,"Salve Regina"
"70",11,"Emerson"
"71",12,"Wheaton (Mass.)"
"72",1,"MIT"
"73",2,"Tufts"
"74",3,"Bates"
"75",4,"Colby"
"76",5,"Suffolk"
"77",6,"Bowdoin"
"78",7,"Keene State"
"79",8,"Wellesley"
"80",9,"Brandeis"
"81",10,"Gordon"
"82",11,"Clark (Mass.)"
"83",12,"U. of New England"
"84",13,"WPI"
"85",14,"Endicott"
"86",15,"UMass Dartmouth"
"87",16,"Babson"
"88",17,"Emerson"
"89",18,"Wheaton (Mass.)"
"90",19,"Maine-Farmington"
"91",20,"Framingham St."
"92",21,"Plymouth State"
"93",22,"Southern Maine"
"94",23,"Colby-Sawyer"
"95",24,"Husson"
"96",25,"Simmons"
"97",26,"Thomas College"
"98",27,"Worcester State"
"99",28,"Wentworth"
"100",29,"Lasell"
"101",30,"St. Joseph's (Me.)"
"102",1,"U. of Chicago"
"103",2,"St. Francis (Ill.)"
"104",3,"Governors State"
"105",4,"St. Ambrose"
"106",5,"DuPage"
"107",6,"Trinity Christian"
"108",7,"Moraine Valley CC"
"109",8,"Joliet Junior College"
"110",9,"Waubonsee CC"
"111",10,"Dominican (Ill.)"
"112",NA,"USF Alumni"
"113",1,"U. of Chicago"
"114",2,"Olivet Nazarene"
"115",3,"Governors State"
"116",4,"Hanover"
"117",5,"Bethel (Ind.)"
"118",6,"St. Ambrose"
"119",7,"Purdue Northwest"
"120",8,"St. Xavier"
"121",9,"DuPage"
"122",10,"Joliet Junior College"
"123",11,"Trinity Christian"
"124",1,"Michigan"
"125",2,"Indiana State"
"126",3,"Colorado College"
"127",4,"U. of Chicago"
"128",5,"NYU"
"129",6,"Miami (Ohio)"
"130",7,"Johns Hopkins"
"131",8,"Calvin"
"132",9,"Washington U."
"133",10,"Wis.-La Crosse"
"134",11,"Vermont"
"135",12,"Eastern Illinois"
"136",13,"Illinois-Springfield"
"137",14,"Milwaukee"
"138",15,"Wartburg"
"139",16,"Coast Guard"
"140",17,"Marian (Ind.)"
"141",18,"Hope"
"142",19,"Indiana East"
"143",20,"Baldwin Wallace"
"144",21,"Denison"
"145",22,"Cornell College"
"146",23,"Oberlin"
"147",24,"Roger Williams"
"148",25,"Evansville"
"149",26,"Millikin"
"150",27,"Greenville"
"151",28,"Rose-Hulman"
"152",29,"St. Mary-of-the-Woods"
"153",30,"Anderson (Ind.)"
"154",1,"U. of Chicago"
"155",2,"Washington U."
"156",3,"Indiana State"
"157",4,"DePauw"
"158",5,"Grinnell"
"159",6,"Run Club at IU"
"160",7,"Central College"
"161",8,"Elmhurst"
"162",9,"Wis.-Whitewater"
"163",10,"Wis.-Oshkosh"
"164",11,"Trine"
"165",12,"Centre"
"166",13,"Kalamazoo"
"167",14,"St. Mary-of-the-Woods"
"168",15,"Anderson (Ind.)"
"169",16,"Webster"
"170",NA,"Aurora"
"171",1,"U. of Chicago"
"172",2,"NYU"
"173",3,"Washington U."
"174",4,"Emory"
"175",5,"Carnegie Mellon"
"176",6,"Case Western"
"177",7,"Rochester"
"178",8,"Brandeis"
"179",1,"U. of Chicago"
"180",2,"Wartburg"
"181",1,"Amherst"
"182",2,"Williams"
"183",3,"Wesleyan"
"184",1,"Williams"
"185",2,"RPI"
"186",3,"New Paltz St."
"187",4,"SUNY Delhi"
"188",5,"Hartford"
"189",1,"UAlbany"
"190",2,"Williams"
"191",3,"Vermont"
"192",4,"RPI"
"193",5,"Plattsburgh St."
"194",1,"Williams"
"195",2,"Keene State"
"196",3,"Wellesley"
"197",4,"Westfield State"
"198",5,"Tufts"
"199",6,"Mount Holyoke"
"200",7,"Babson"
"201",8,"St. Anselm"
"202",9,"UMass Dartmouth"
"203",10,"Endicott"
"204",11,"Eastern Conn. St."
"205",12,"Southern Maine"
"206",13,"Plymouth State"
"207",14,"Wheaton (Mass.)"
"208",15,"Hartford"
"209",16,"Western NE"
"210",17,"RIC"
"211",18,"Assumption"
"212",19,"Wentworth"
"213",20,"UMass Boston"
"214",21,"Castleton"
"215",22,"Fitchburg St."
"216",23,"Dean (Mass.)"
"217",1,"Williams"
"218",2,"Wesleyan"
"219",3,"Westfield State"
"220",4,"Roger Williams"
"221",5,"Salve Regina"
"222",6,"Springfield"
"223",7,"Trinity (Conn.)"
"224",8,"Emerson"
"225",9,"Connecticut College"
"226",10,"Framingham St."
"227",11,"Western NE"
"228",12,"Worcester State"
"229",13,"Norwich"
"230",14,"Fitchburg St."
"231",15,"Mass. Maritime"
"232",16,"Hudson Valley CC"
"233",1,"Williams"
"234",2,"Amherst"
"235",3,"Tufts"
"236",4,"Middlebury"
"237",5,"Wesleyan"
"238",6,"Connecticut College"
"239",7,"Hamilton"
"240",8,"Bates"
"241",9,"Bowdoin"
"242",10,"Colby"
"243",11,"Trinity (Conn.)"
"244",1,"Vassar"
"245",2,"NYU"
"246",3,"Union (N.Y.)"
"247",4,"Stevens"
"248",5,"New Paltz St."
"249",6,"Bard"
"250",7,"Sarah Lawrence"
"251",1,"Vassar"
"252",2,"NYU"
"253",3,"Keene State"
"254",4,"Union (N.Y.)"
"255",5,"New Paltz St."
"256",6,"Bard"
"257",7,"Alumni - Vassar"
"258",8,"Baruch"
"259",9,"Bridgeport"
"260",10,"Purchase"
"261",11,"Medgar Evers"
"262",1,"Amherst"
"263",2,"Emory"
"264",3,"NYU"
"265",4,"RPI"
"266",5,"SUNY Geneseo"
"267",6,"Claremont-Mudd-Scripps"
"268",7,"Middlebury"
"269",8,"Carnegie Mellon"
"270",9,"Lynchburg"
"271",10,"Tufts"
"272",11,"Coast Guard"
"273",12,"Vassar"
"274",13,"Washington and Lee"
"275",14,"John Carroll"
"276",15,"Gettysburg"
"277",16,"Grove City"
"278",17,"Swarthmore"
"279",18,"Hamilton"
"280",19,"St. Lawrence"
"281",20,"Smith"
"282",21,"Dickinson"
"283",22,"Rowan"
"284",23,"Wittenberg"
"285",24,"Misericordia"
"286",25,"Redlands"
"287",26,"Bridgewater (Va.)"
"288",27,"TCNJ"
"289",28,"Mount Union"
"290",29,"Trinity (Conn.)"
"291",30,"Lebanon Valley"
"292",31,"Widener"
"293",32,"Moravian"
"294",33,"Elizabethtown"
"295",34,"Shenandoah"
"296",35,"Stockton"
"297",36,"Cortland St."
"298",37,"Haverford"
"299",38,"Montclair State"
"300",39,"Catholic"
"301",40,"Christopher Newport"
"302",41,"Stevens"
"303",42,"Oneonta"
"304",43,"Ursinus"
"305",44,"Drew"
"306",45,"Bryn Mawr"
"307",46,"Pfeiffer"
"308",1,"NYU"
"309",2,"SUNY Geneseo"
"310",3,"Rochester"
"311",4,"Hamilton"
"312",5,"Ithaca"
"313",6,"Nazareth"
"314",7,"Oneonta"
"315",8,"RIT"
"316",9,"Utica"
"317",10,"Cortland St."
"318",11,"Brockport St."
"319",12,"St. John Fisher"
"320",13,"SUNY Delhi"
"321",14,"Houghton"
"322",15,"SUNY Cobleskill"
"323",16,"PSU-Behrend"
"324",17,"Fredonia"
"325",18,"William Smith"
"326",19,"Hunter"
"327",20,"Hartwick"
"328",21,"Buffalo State"
"329",1,"Maryland"
"330",2,"Johns Hopkins"
"331",3,"Seton Hall"
"332",4,"Navy"
"333",5,"Salisbury"
"334",6,"Messiah"
"335",7,"DeSales"
"336",1,"Villanova"
"337",2,"La Salle"
"338",3,"Penn"
"339",4,"Swarthmore"
"340",5,"Haverford"
"341",6,"Widener"
"342",7,"West Chester"
"343",8,"Jefferson (Pa.)"
"344",9,"Johns Hopkins"
"345",NA,"Temple"
"346",1,"Johns Hopkins"
"347",2,"Cortland St."
"348",3,"Rowan"
"349",4,"Bryn Mawr"
"350",5,"Cairn"
"351",6,"Holy Family"
"352",7,"New Paltz St."
"353",8,"Hub City Track Club"
"354",9,"Chestnut Hill"
"355",10,"Georgian Court"
"356",11,"Rutgers-Camden"
"357",12,"Centenary (N.J.)"
"358",13,"Valley Forge"
"359",14,"PSU-Abington"
"360",1,"Johns Hopkins"
"361",2,"Gettysburg"
"362",3,"Swarthmore"
"363",4,"Dickinson"
"364",5,"Haverford"
"365",6,"Franklin & Marshall"
"366",7,"Ursinus"
"367",8,"Bryn Mawr"
"368",9,"Muhlenberg"
"369",10,"McDaniel"
"370",1,"Johns Hopkins"
"371",2,"McDaniel"
"372",3,"Delaware Valley"
"373",1,"Johns Hopkins"
"374",2,"Carnegie Mellon"
"375",3,"Gettysburg"
"376",4,"Grove City"
"377",5,"Misericordia"
"378",6,"Dickinson"
"379",7,"St. Vincent (Pa.)"
"380",8,"Salisbury"
"381",9,"Scranton"
"382",10,"Elizabethtown"
"383",11,"Lebanon Valley"
"384",12,"Franklin & Marshall"
"385",13,"Messiah"
"386",14,"Washington & Jefferson"
"387",15,"Geneva"
"388",16,"Susquehanna"
"389",17,"St. Mary's (Md.)"
"390",18,"York (Pa.)"
"391",19,"Marywood"
"392",20,"Hood"
"393",21,"Waynesburg"
"394",22,"Lycoming"
"395",23,"Lancaster Bible"
"396",24,"Alvernia"
"397",25,"McDaniel"
"398",26,"Chatham"
"399",27,"Juniata"
"400",28,"King's (Pa.)"
"401",29,"Penn College"
"402",30,"PSU-Harrisburg"
"403",1,"UC-Colo. Spgs."
"404",2,"Colorado College"
"405",3,"MSU Denver"
"406",4,"New Mexico Highlands"
"407",5,"Regis (Colo.)"
"408",6,"Western New Mexico"
"409",7,"Northern New Mexico"
"410",1,"Colorado College"
"411",2,"UC-Colo. Spgs."
"412",3,"Colo. Sch. of Mines"
"413",4,"Air Force"
"414",1,"Colorado College"
"415",2,"Trinity (Tex.)"
"416",3,"McMurry"
"417",4,"St. Thomas (Tex.)"
"418",5,"Southwestern (Tex.)"
"419",6,"Texas Lutheran"
"420",7,"Ozarks (Ark.)"
"421",8,"Schreiner"
"422",9,"Dallas"
"423",10,"Concordia (Tex.)"
"424",1,"Claremont-Mudd-Scripps"
"425",2,"Colorado College"
"426",3,"UC Santa Cruz"
"427",4,"George Fox"
"428",5,"Pomona-Pitzer"
"429",6,"Redlands"
"430",7,"Lewis & Clark"
"431",8,"Trinity (Tex.)"
"432",9,"Occidental"
"433",10,"Willamette"
"434",11,"Whitworth"
"435",12,"Caltech"
"436",13,"Chapman"
"437",14,"Puget Sound"
"438",15,"Whitman"
"439",16,"McMurry"
"440",17,"La Verne"
"441",18,"Southwestern (Tex.)"
"442",19,"Pacific (Ore.)"
"443",20,"Cal Lutheran"
"444",21,"Pacific Lutheran"
"445",22,"UMHB"
"446",23,"Hardin-Simmons"
"447",24,"Texas Lutheran"
"448",25,"St. Thomas (Tex.)"
"449",1,"Georgia Tech"
"450",2,"Georgia"
"451",3,"Kennesaw State"
"452",4,"Emory"
"453",5,"Brewton-Parker"
"454",1,"Emory"
"455",2,"Davidson"
"456",3,"SCAD Savannah"
"457",4,"Queens (N.C.)"
"458",5,"Wingate"
"459",6,"Lenoir-Rhyne"
"460",7,"USC Aiken"
"461",8,"Valdosta State"
"462",9,"Bob Jones"
"463",10,"Mount Olive"
"464",11,"USC-Beaufort"
"465",12,"Limestone"
"466",1,"Florida State"
"467",2,"Georgia Tech"
"468",3,"UAB"
"469",4,"South Alabama"
"470",5,"Emory"
"471",6,"Georgia Southern"
"472",7,"Embry-Riddle"
"473",8,"North Georgia"
"474",9,"Troy"
"475",10,"Carson-Newman"
"476",11,"Kennesaw State"
"477",12,"Georgia State"
"478",13,"Covenant"
"479",14,"Brenau"
"480",15,"Bob Jones"
"481",16,"Florida A&M"
"482",17,"Tuskegee"
"483",18,"Clayton State"
"484",19,"Piedmont"
"485",20,"Emmanuel (Ga.)"
"486",21,"Columbus St."
"487",22,"Albany State"
"488",23,"Georgia Southwestern"
"489",1,"Emory"
"490",2,"Jacksonville St."
"491",3,"UNC-Asheville"
"492",4,"Longwood"
"493",5,"South Carolina"
"494",6,"Western Carolina"
"495",8,"Stetson"
"496",9,"Gardner-Webb"
"497",10,"North Georgia"
"498",11,"Flagler"
"499",12,"Georgia State"
"500",13,"West Georgia"
"501",14,"USC Upstate"
"502",15,"Wofford"
"503",16,"Bob Jones"
"504",17,"Agnes Scott"
"505",18,"Brevard"
"506",19,"Newberry"
"507",20,"Lander"
"508",1,"Washington and Lee"
"509",2,"Emory"
"510",3,"Lynchburg"
"511",4,"Berry"
"512",5,"Shenandoah"
"513",6,"Bridgewater (Va.)"
"514",7,"Catholic"
"515",8,"Christopher Newport"
"516",9,"Southern Virginia"
"517",10,"Rhodes"
"518",11,"Eastern Mennonite"
"519",12,"Mary Washington"
"520",13,"Pfeiffer"
"521",14,"Marymount (Va.)"
"522",15,"U. of the South"
"523",16,"Covenant"
"524",17,"Roanoke"
"525",18,"Piedmont"
"526",19,"Millsaps"
"527",20,"Agnes Scott"
"528",21,"Oglethorpe"
"529",22,"Maryville (Tenn.)"
"530",23,"Meredith"
"531",24,"Sweet Briar"
"532",1,"Washington and Lee"
"533",2,"Bridgewater (Va.)"
"534",3,"Shenandoah"
"535",4,"Roanoke"
"536",1,"Virginia Tech"
"537",2,"Washington and Lee"
"538",3,"Radford"
"539",4,"Charleston (W.V.)"
"540",5,"Lenoir-Rhyne"
"541",6,"Concord"
"542",1,"Wake Forest"
"543",2,"Charlotte"
"544",3,"Catawba"
"545",4,"Cumberlands"
"546",5,"Wingate"
"547",6,"Morehead State"
"548",7,"North Greenville"
"549",8,"Queens (N.C.)"
"550",9,"Jacksonville"
"551",10,"Mars Hill"
"552",11,"Lenoir-Rhyne"
"553",12,"Fayetteville St."
"554",13,"Concord"
"555",14,"Adelphi"
"556",15,"N.C. Central"
"557",16,"Wallace State"
"558",17,"King"
"559",18,"Augusta"
"560",19,"Presbyterian"
"561",20,"Central State"
"562",1,"Liberty"
"563",2,"East Tenn. St."
"564",3,"Radford"
"565",4,"Lynchburg"
"566",5,"Washington and Lee"
"567",6,"Pfeiffer"
"568",7,"Emory & Henry"
"569",8,"Roanoke"
"570",9,"Piedmont"
"571",10,"Mary Baldwin"
"572",11,"Averett"
"573",12,"Meredith"
"574",13,"Pellissippi State CC"
"575",14,"Sweet Briar"
"576",15,"Bluefield St."
"577",1,"Washington and Lee"
"578",2,"Lynchburg"
"579",3,"Bridgewater (Va.)"
"580",4,"Shenandoah"
"581",5,"Eastern Mennonite"
"582",6,"Roanoke"
"583",7,"Virginia Wesleyan"
"584",8,"Randolph"
"585",9,"Averett"
"586",1,"SUNY Geneseo"
"587",2,"RIT"
"588",3,"St. John Fisher"
"589",4,"Cortland St."
"590",5,"Nazareth"
"591",6,"Rochester"
"592",7,"William Smith"
"593",8,"Alfred State"
"594",9,"Alfred"
"595",1,"SUNY Geneseo"
"596",2,"Colgate"
"597",3,"Gettysburg"
"598",4,"Hamilton"
"599",5,"Rochester"
"600",6,"Ithaca"
"601",7,"St. Bonaventure"
"602",8,"RIT"
"603",9,"St. John Fisher"
"604",10,"Oneonta"
"605",11,"Cortland St."
"606",12,"Le Moyne"
"607",13,"PSU-Behrend"
"608",14,"William Smith"
"609",15,"Brockport St."
"610",16,"Alfred State"
"611",17,"Buffalo State"
"612",NA,"Buffalo"
"613",NA,"Keuka"
"614",1,"Cornell"
"615",2,"Roberts Wesleyan"
"616",3,"RIT"
"617",4,"Brockport St."
"618",5,"SUNY Geneseo"
"619",6,"Daemen"
"620",7,"Adelphi"
"621",8,"Cortland St."
"622",9,"St. Michael's"
"623",10,"D'Youville"
"624",11,"Gannon"
"625",12,"Mercyhurst"
"626",13,"Nazareth"
"627",14,"Oswego State"
"628",15,"Franklin Pierce"
"629",16,"SUNY-ESF"
"630",17,"Wilmington (Del.)"
"631",18,"Alfred State"
"632",19,"Macomb CC"
"633",20,"Alfred"
"634",21,"Morrisville State"
"635",22,"Keuka"
"636",1,"SUNY Geneseo"
"637",2,"Nazareth"
"638",3,"Utica"
"639",4,"St. John Fisher"
"640",5,"Brockport St."
"641",6,"Houghton"
"642",7,"Hartwick"
"643",8,"Alfred"
"644",9,"Keuka"
"645",1,"Rochester"
"646",2,"Ithaca"
"647",3,"RIT"
"648",4,"St. John Fisher"
"649",5,"SUNY Geneseo"
"650",6,"Nazareth"
"651",7,"Oswego State"
"652",8,"William Smith"
"653",9,"PSU-Behrend"
"654",10,"Fredonia"
"655",11,"Alfred"
"656",12,"Hartwick"
"657",13,"Buffalo State"
"658",1,"SUNY Geneseo"
"659",2,"Carnegie Mellon"
"660",3,"RPI"
"661",4,"John Carroll"
"662",5,"Ithaca"
"663",6,"Rochester"
"664",7,"Case Western"
"665",8,"Dickinson"
"666",9,"Ohio Northern"
"667",10,"Mount Union"
"668",11,"TCNJ"
"669",12,"Moravian"
"670",13,"Brockport St."
"671",14,"Oneonta"
"672",15,"Baldwin Wallace"
"673",16,"Nazareth"
"674",17,"St. John Fisher"
"675",18,"Oberlin"
"676",19,"Oswego State"
"677",20,"Washington & Jefferson"
"678",21,"Geneva"
"679",22,"Susquehanna"
"680",23,"SUNY-ESF"
"681",24,"Lock Haven"
"682",25,"Hiram"
"683",26,"Fredonia"
"684",27,"Alfred State"
"685",28,"Oglethorpe"
"686",29,"Morrisville State"
"687",1,"UC San Diego"
"688",2,"San Diego St."
"689",3,"Claremont-Mudd-Scripps"
"690",4,"The Master's"
"691",5,"CBU"
"692",6,"Cal St. Fullerton"
"693",7,"San Diego"
"694",8,"Pomona-Pitzer"
"695",9,"Occidental"
"696",10,"Chapman"
"697",11,"Caltech"
"698",12,"La Verne"
"699",13,"Cal Lutheran"
"700",1,"Utah State"
"701",2,"Cal Poly"
"702",3,"CBU"
"703",4,"UC Irvine"
"704",5,"Biola"
"705",6,"Southern Utah"
"706",7,"Nevada"
"707",8,"Hawaii"
"708",9,"Sacramento St."
"709",10,"UC Riverside"
"710",11,"Long Beach St."
"711",12,"Salt Lake"
"712",13,"Arizona State"
"713",14,"Cal St. Fullerton"
"714",15,"Cal Poly Pomona"
"715",16,"Azusa Pacific"
"716",17,"Claremont-Mudd-Scripps"
"717",18,"UC Santa Barbara"
"718",19,"CUI"
"719",20,"Fresno State"
"720",21,"UC Santa Cruz"
"721",22,"Utah Tech"
"722",23,"Pomona-Pitzer"
"723",24,"San Marcos"
"724",25,"Grand Canyon"
"725",1,"Salt Lake"
"726",2,"The Master's"
"727",3,"Fresno Pacific"
"728",4,"Embry-Riddle Arizona"
"729",5,"Marian (Ind.)"
"730",6,"Loyola Marymount"
"731",7,"Westmont"
"732",8,"Pomona-Pitzer"
"733",9,"CSUN"
"734",10,"Claremont-Mudd-Scripps"
"735",11,"Fresno State"
"736",12,"Cal Poly DC"
"737",13,"Caltech"
"738",14,"UC Merced"
"739",15,"CSU Bakersfield"
"740",16,"Vanguard"
"741",17,"Pacific"
"742",18,"Cal Lutheran"
"743",19,"Pepperdine"
"744",20,"Arizona Christian"
"745",21,"Cal St. Los Angeles"
"746",22,"Soka"
"747",1,"Claremont-Mudd-Scripps"
"748",2,"Pomona-Pitzer"
"749",3,"Occidental"
"750",4,"Cal Poly Pomona"
"751",5,"Caltech"
"752",6,"Cal Lutheran"
"753",1,"Claremont-Mudd-Scripps"
"754",2,"Pomona-Pitzer"
"755",3,"Redlands"
"756",4,"Caltech"
"757",5,"Occidental"
"758",6,"Chapman"
"759",7,"La Verne"
"760",8,"Cal Lutheran"
"761",1,"Vassar"
"762",2,"RPI"
"763",3,"St. Lawrence"
"764",4,"Ithaca"
"765",5,"RIT"
"766",6,"Union (N.Y.)"
"767",7,"William Smith"
"768",8,"Clarkson"
"769",9,"Bard"
"770",1,"Williams"
"771",2,"RPI"
"772",3,"Amherst"
"773",4,"Vassar"
"774",5,"Middlebury"
"775",6,"Connecticut College"
"776",7,"Wesleyan"
"777",8,"Coast Guard"
"778",9,"St. Lawrence"
"779",10,"Smith"
"780",11,"Trinity (Conn.)"
"781",12,"Union (N.Y.)"
"782",13,"Roger Williams"
"783",14,"Westfield State"
"784",15,"Mount Holyoke"
"785",16,"Salve Regina"
"786",17,"New Paltz St."
"787",18,"Eastern Conn. St."
"788",19,"Springfield"
"789",20,"Plattsburgh St."
"790",21,"Potsdam St."
"791",22,"Norwich"
"792",23,"Clarkson"
"793",24,"Western NE"
"794",1,"Amherst"
"795",2,"Vassar"
"796",3,"Tufts"
"797",4,"Wesleyan"
"798",5,"Smith"
"799",6,"Wellesley"
"800",7,"Suffolk"
"801",8,"Union (N.Y.)"
"802",9,"Endicott"
"803",10,"New Haven"
"804",1,"Saginaw Valley"
"805",3,"Wittenberg"
"806",4,"Calvin"
"807",5,"Northwood"
"808",6,"Albion"
"809",7,"Davenport"
"810",8,"Hope"
"811",9,"Alma"
"812",10,"Bethel (Ind.)"
"813",11,"SW Michigan"
"814",1,"Calvin"
"815",2,"Trine"
"816",3,"Kalamazoo"
"817",4,"Hope"
"818",5,"St. Mary's (Ind.)"
"819",6,"Alma"
"820",7,"Albion"
"821",8,"Adrian"
"822",9,"Olivet"
"823",1,"DePauw"
"824",2,"Calvin"
"825",3,"Trine"
"826",4,"Wittenberg"
"827",5,"John Carroll"
"828",6,"Allegheny"
"829",7,"Ohio Wesleyan"
"830",8,"Kalamazoo"
"831",9,"Case Western"
"832",10,"Ohio Northern"
"833",11,"Mount Union"
"834",12,"Otterbein"
"835",13,"Hope"
"836",14,"Centre"
"837",15,"Franciscan (Ohio)"
"838",16,"Baldwin Wallace"
"839",17,"Manchester"
"840",18,"Hanover"
"841",19,"Berea"
"842",20,"Oberlin"
"843",21,"Wooster"
"844",22,"Transylvania"
"845",23,"Alma"
"846",24,"Denison"
"847",25,"St. Mary's (Ind.)"
"848",26,"Kenyon"
"849",27,"Albion"
"850",28,"Heidelberg"
"851",29,"Muskingum"
"852",30,"Rose-Hulman"
"853",31,"Hiram"
"854",32,"Capital"
"855",33,"Marietta"
"856",34,"Adrian"
"857",35,"Asbury"
"858",36,"Franklin"
"859",37,"Olivet"
"860",38,"Anderson (Ind.)"
"861",39,"Spalding"
"862",1,"Tufts"
"863",2,"Bowdoin"
"864",3,"Colby"
"865",4,"Bates"
"866",1,"New Hampshire"
"867",2,"Rhode Island"
"868",3,"Providence"
"869",4,"Central Connecticut"
"870",5,"Bryant"
"871",6,"Sacred Heart"
"872",7,"Merrimack"
"873",8,"Holy Cross"
"874",9,"Northeastern"
"875",10,"Brown"
"876",11,"St. Anselm"
"877",12,"Stonehill"
"878",13,"Bentley"
"879",14,"Tufts"
"880",15,"Quinnipiac"
"881",16,"UMass Lowell"
"882",17,"Colby-Sawyer"
"883",18,"Assumption"
"884",19,"Simmons"
"885",1,"St. Olaf"
"886",2,"St. Scholastica"
"887",3,"Macalester"
"888",4,"Luther"
"889",5,"Minnesota-Morris"
"890",1,"Carleton"
"891",2,"St. Olaf"
"892",3,"Wis.-Eau Claire"
"893",4,"Wis.-Stout"
"894",5,"Gustavus Adolphus"
"895",6,"Bethel (Minn.)"
"896",7,"St. Norbert"
"897",8,"St. Benedict"
"898",9,"Wis.-River Falls"
"899",10,"U of Manitoba"
"900",11,"Concordia-Moorhead"
"901",12,"Viterbo"
"902",13,"Wis.-Superior"
"903",14,"Saint Mary's (Minn.)"
"904",15,"Crown"
"905",16,"Hamline"
"906",17,"Martin Luther"
"907",18,"St. Catherine (Minn.)"
"908",19,"Minnesota-Morris"
"909",20,"Wisconsin Lutheran"
"910",21,"Bethany Lutheran"
"911",22,"Upper Iowa"
"912",1,"Carleton"
"913",2,"Minnesota-Duluth"
"914",3,"Minnesota State"
"915",4,"St. Olaf"
"916",5,"St. Scholastica"
"917",6,"Wis.-Platteville"
"918",7,"Wis.-Stevens Point"
"919",8,"Gustavus Adolphus"
"920",9,"Wis.-River Falls"
"921",10,"Macalester"
"922",11,"Bethel (Minn.)"
"923",12,"Ripon"
"924",13,"Carthage"
"925",14,"Carroll (Wis.)"
"926",15,"Cornell College"
"927",16,"Minnesota-Crookston"
"928",17,"MSOE"
"929",18,"Crown"
"930",19,"Martin Luther"
"931",20,"Hamline"
"932",21,"Bethany Lutheran"
"933",22,"St. Catherine (Minn.)"
"934",1,"Wis.-La Crosse"
"935",2,"South Dakota St."
"936",3,"Paradise Valley"
"937",4,"Gustavus Adolphus"
"938",5,"Bethel (Minn.)"
"939",6,"Wis.-Parkside"
"940",7,"St. Olaf"
"941",8,"St. Scholastica"
"942",9,"Wis.-River Falls"
"943",10,"Viterbo"
"944",11,"St. Cloud State"
"945",12,"Concordia-Moorhead"
"946",13,"Elmhurst"
"947",14,"Luther"
"948",15,"MSOE"
"949",16,"Martin Luther"
"950",17,"St. Catherine (Minn.)"
"951",18,"Northwestern (Minn.)"
"952",19,"Bethany Lutheran"
"953",20,"Wheaton (Ill.)"
"954",1,"St. Olaf"
"955",2,"Carleton"
"956",3,"St. Scholastica"
"957",4,"Gustavus Adolphus"
"958",5,"Bethel (Minn.)"
"959",6,"Macalester"
"960",7,"St. Benedict"
"961",8,"Concordia-Moorhead"
"962",9,"Hamline"
"963",10,"Saint Mary's (Minn.)"
"964",11,"St. Catherine (Minn.)"
"965",12,"Augsburg"
"966",1,"St. Olaf"
"967",2,"Macalester"
"968",1,"Wis.-La Crosse"
"969",2,"St. Olaf"
"970",3,"Carleton"
"971",4,"Wis.-Eau Claire"
"972",5,"Wis.-Stout"
"973",6,"Wis.-Whitewater"
"974",7,"Wis.-Oshkosh"
"975",8,"Concordia (Wis.)"
"976",9,"Lawrence"
"977",10,"St. Scholastica"
"978",11,"Gustavus Adolphus"
"979",12,"Wis.-Platteville"
"980",13,"Wis.-River Falls"
"981",14,"Wis.-Stevens Point"
"982",15,"Carthage"
"983",16,"Bethel (Minn.)"
"984",17,"St. Norbert"
"985",18,"St. Benedict"
"986",19,"Ripon"
"987",20,"Carroll (Wis.)"
"988",21,"Macalester"
"989",22,"Concordia-Moorhead"
"990",23,"Wis.-Superior"
"991",24,"MSOE"
"992",25,"Hamline"
"993",26,"Martin Luther"
"994",27,"Saint Mary's (Minn.)"
"995",28,"St. Catherine (Minn.)"
"996",29,"Beloit"
"997",30,"Wisconsin Lutheran"
"998",31,"Northland"
"999",1,"Carleton"
"1000",2,"Minnesota-Duluth"
"1001",3,"Wis.-River Falls"
"1002",1,"Oregon State"
"1003",2,"Portland"
"1004",3,"Carleton"
"1005",4,"Southern Oregon"
"1006",5,"San Diego Mesa College"
"1007",6,"Willamette"
"1008",7,"Spokane CC"
"1009",8,"Whitworth"
"1010",9,"Eastern Oregon"
"1011",10,"Oregon Tech"
"1012",11,"Central Arizona"
"1013",12,"Bushnell"
"1014",13,"College of Idaho"
"1015",14,"Linfield University Alumni"
"1016",15,"Lane CC"
"1017",16,"Umpqua CC"
"1018",17,"Everett CC"
"1019",18,"Ideal Performance Athletics"
"1020",19,"Simpson (Cal.)"
"1021",NA,"Evergreen St."
"1022",1,"Stanford"
"1023",2,"UC Davis"
"1024",3,"Sacramento St."
"1025",4,"California"
"1026",5,"St. Mary's (Cal.)"
"1027",6,"San Francisco"
"1028",7,"Santa Clara"
"1029",8,"Fresno State"
"1030",9,"San Jose St."
"1031",10,"UC Santa Cruz"
"1032",1,"UC Davis"
"1033",2,"CSUMB"
"1034",3,"Southern Oregon"
"1035",4,"Cal St. East Bay"
"1036",5,"St. Mary's (Cal.)"
"1037",6,"UC Santa Cruz"
"1038",NA,"Santa Clara"
"1039",1,"UC Davis"
"1040",2,"UC Santa Cruz"
"1041",3,"St. Mary's (Cal.)"
"1042",4,"Clovis CC"
"1043",5,"Cal Poly DC"
"1044",6,"UC Davis XC & Track Club"
"1045",7,"Stanford Club"
"1046",8,"Pacific"
"1047",9,"UC Merced"
"1048",10,"Academy of Art"
"1049",11,"American River"
"1050",12,"Cerritos"
"1051",13,"Jessup"
"1052",14,"Dominican (Cal.)"
"1053",NA,"Fresno Pacific"
"1054",NA,"UC Santa Barbara"
"1055",1,"UC Santa Cruz"
"1056",2,"Salisbury"
"1057",3,"Christopher Newport"
"1058",4,"Mary Washington"
"1059",1,"Portland"
"1060",2,"Oregon State"
"1061",3,"George Fox"
"1062",4,"Lewis & Clark"
"1063",5,"Portland State"
"1064",6,"Willamette"
"1065",7,"Pacific (Ore.)"
"1066",8,"Corban"
"1067",9,"Bushnell"
"1068",10,"Southwestern Oregon CC"
"1069",11,"Everett CC"
"1070",1,"George Fox"
"1071",2,"Lewis & Clark"
"1072",3,"Whitworth"
"1073",4,"Central Washington"
"1074",5,"Puget Sound"
"1075",6,"Whitman"
"1076",7,"Pacific (Ore.)"
"1077",8,"Pacific Lutheran"
"1078",9,"Green River College"
"1079",10,"Everett CC"
"1080",11,"Treasure Valley CC"
"1081",1,"Western Oregon"
"1082",2,"Northwest Nazarene"
"1083",3,"George Fox"
"1084",4,"Walla Walla"
"1085",NA,"Oregon State"
"1086",NA,"Umpqua CC"
"1087",1,"Lewis & Clark"
"1088",2,"Whitman"
"1089",3,"Puget Sound"
"1090",4,"Pacific (Ore.)"
"1091",5,"Pacific Lutheran"
"1092",1,"George Fox"
"1093",2,"Willamette"
"1094",3,"Whitworth"
"1095",4,"Lewis & Clark"
"1096",5,"Puget Sound"
"1097",6,"Whitman"
"1098",7,"Pacific Lutheran"
"1099",8,"Pacific (Ore.)"
"1100",1,"Middlebury"
"1101",2,"Plattsburgh St."
"1102",3,"Clarkson"
"1103",4,"Castleton"
"1104",1,"Queen's University"
"1105",2,"Middlebury"
"1106",3,"St. Lawrence"
"1107",4,"Ottawa University"
"1108",5,"Plattsburgh St."
"1109",6,"Clarkson"
"1110",7,"Potsdam St."
"1111",8,"SUNY Canton"
"1112",1,"Marist"
"1113",2,"Connecticut"
"1114",3,"Albany"
"1115",4,"Fairfield"
"1116",5,"Siena"
"1117",NA,"Iona"
"1118",1,"Penn State"
"1119",2,"Syracuse"
"1120",3,"Princeton"
"1121",4,"Connecticut"
"1122",5,"Pittsburgh"
"1123",6,"Penn"
"1124",7,"Missouri"
"1125",8,"Maryland"
"1126",9,"Bucknell"
"1127",10,"Navy"
"1128",11,"Columbia"
"1129",12,"Duquesne"
"1130",13,"Monmouth"
"1131",14,"St. Joseph's (Pa.)"
"1132",15,"Lehigh"
"1133",16,"Buffalo"
"1134",17,"Loyola (Md.)"
"1135",NA,"Temple"
"1136",NA,"West Virginia"
"1137",1,"Connecticut"
"1138",2,"Maine"
"1139",3,"UMass Amherst"
"1140",4,"So. Conn. St."
"1141",5,"St. Michael's"
"1142",6,"SNHU"
"1143",7,"Clark (Mass.)"
"1144",8,"New Haven"
"1145",9,"Franklin Pierce"
"1146",10,"Plymouth State"
"1147",11,"St. Joseph's (Me.)"
"1148",12,"Lesley"
"1149",13,"Regis (Mass.)"
"1150",14,"Lasell"
"1151",15,"Bridgeport"
"1152",1,"Washington St."
"1153",2,"Air Force"
"1154",3,"Vanderbilt"
"1155",4,"Northeastern"
"1156",5,"Ohio State"
"1157",6,"Auburn"
"1158",7,"Indiana"
"1159",8,"Illinois"
"1160",9,"South Dakota St."
"1161",10,"CBU"
"1162",11,"Quinnipiac"
"1163",12,"Pittsburgh"
"1164",13,"Purdue"
"1165",14,"Utah State"
"1166",15,"Kansas"
"1167",16,"Central Michigan"
"1168",17,"Elon"
"1169",18,"Illinois State"
"1170",19,"Southern Utah"
"1171",20,"Miami (Fla.)"
"1172",21,"Belmont"
"1173",22,"UMass Lowell"
"1174",23,"Western Michigan"
"1175",24,"James Madison"
"1176",25,"Oakland"
"1177",26,"South Dakota"
"1178",27,"Eastern Kentucky"
"1179",28,"Miami (Ohio)"
"1180",NA,"Valparaiso"
"1181",1,"Georgetown"
"1182",2,"Providence"
"1183",3,"Connecticut"
"1184",4,"Villanova"
"1185",5,"Butler"
"1186",6,"DePaul"
"1187",7,"Xavier (Ohio)"
"1188",8,"Creighton"
"1189",9,"Seton Hall"
"1190",10,"Marquette"
"1191",11,"St. John's"
"1192",1,"Pittsburgh"
"1193",2,"Robert Morris"
"1194",3,"Carnegie Mellon"
"1195",1,"Walsh"
"1196",2,"Robert Morris"
"1197",3,"Carnegie Mellon"
"1198",4,"Duquesne"
"1199",5,"Mount Union"
"1200",6,"Point Park"
"1201",7,"Baldwin Wallace"
"1202",8,"Indiana (Pa.)"
"1203",1,"Pittsburgh"
"1204",2,"West Virginia"
"1205",3,"Point Park"
"1206",4,"Duquesne"
"1207",5,"West Virginia Wesleyan"
"1208",6,"Carnegie Mellon"
"1209",7,"Glenville St."
"1210",8,"Mercyhurst"
"1211",9,"Seton Hill"
"1212",10,"Fairmont St"
"1213",11,"Clarion"
"1214",12,"California (Pa.)"
"1215",13,"Pitt.-Johnstown"
"1216",14,"Carlow"
"1217",15,"Chatham"
"1218",16,"La Roche"
"1219",1,"Wartburg"
"1220",2,"Mount Mercy"
"1221",3,"Dubuque"
"1222",4,"Cornell College"
"1223",5,"Southeastern CC"
"1224",1,"Wartburg"
"1225",2,"Cornell College"
"1226",3,"Upper Iowa"
"1227",1,"Wartburg"
"1228",2,"Nebraska Wesleyan"
"1229",3,"Saint Mary's (Minn.)"
"1230",4,"Indian Hills CC"
"1231",5,"Wartburg Alumni"
"1232",6,"Faith Baptist Bible"
"1233",7,"Knox"
"1234",1,"Wartburg"
"1235",2,"Central College"
"1236",3,"Loras"
"1237",4,"Luther"
"1238",5,"Simpson (Iowa)"
"1239",6,"Nebraska Wesleyan"
"1240",7,"Dubuque"
"1241",8,"Buena Vista"
"1242",9,"Coe"
"1243",1,"Wartburg"
"1244",2,"Wis.-Eau Claire"
"1245",3,"Grinnell"
"1246",4,"Luther"
"1247",5,"Wis.-Stout"
"1248",6,"Emmaus Bible"
"1249",1,"Liberty"
"1250",2,"Lynchburg"
"1251",1,"Bolles"
"1252",2,"Marvin Ridge"
"1253",3,"Green Level"
"1254",4,"Fort Mill"
"1255",5,"Georgetown Visitation Prep"
"1256",6,"North Lincoln"
"1257",7,"Myers Park"
"1258",8,"Knoxville Catholic"
"1259",9,"Conestoga 01"
"1260",10,"Hoggard"
"1261",11,"Panther Creek"
"1262",12,"Apex Friendship"
"1263",13,"Episcopal School (JAX)"
"1264",14,"Weddington"
"1265",15,"Leesville Road"
"1266",16,"Turpin"
"1267",17,"Watauga"
"1268",18,"West Forsyth"
"1269",19,"Lake Norman"
"1270",20,"Wesleyan School"
"1271",21,"Riverside (4A)"
"1272",22,"Athens Drive"
"1273",23,"Mill Creek"
"1274",24,"Nease"
"1275",25,"Charlotte Catholic"
"1276",26,"NC School of Science & Math"
"1277",26,"Pinecrest"
"1278",28,"North Oldham"
"1279",29,"Providence"
"1280",30,"T.C. Roberson"
"1281",31,"Croatan"
"1282",32,"Chantilly"
"1283",33,"Jefferson (GA)"
"1284",1,"Liberty"
"1285",2,"East Tenn. St."
"1286",3,"Radford"
"1287",4,"Lynchburg"
"1288",5,"Washington and Lee"
"1289",6,"Pfeiffer"
"1290",7,"Emory & Henry"
"1291",8,"Roanoke"
"1292",9,"Piedmont"
"1293",10,"Mary Baldwin"
"1294",11,"Averett"
"1295",12,"Meredith"
"1296",13,"Pellissippi State CC"
"1297",14,"Sweet Briar"
"1298",15,"Bluefield St."
"1299",1,"DePauw"
"1300",2,"Trine"
"1301",3,"Ohio Northern"
"1302",4,"Case Western"
"1303",5,"Kalamazoo"
"1304",6,"Centre"
"1305",7,"Albion"
"1306",8,"Manchester"
"1307",9,"Transylvania"
"1308",10,"Hanover"
"1309",11,"Oberlin"
"1310",12,"Rose-Hulman"
"1311",13,"Muskingum"
"1312",14,"St. Mary-of-the-Woods"
"1313",15,"Marietta"
"1314",16,"Franklin"
"1315",17,"Anderson (Ind.)"
"1316",18,"Wilmington (Ohio)"
"1317",19,"Earlham"
"1318",20,"Spalding"
"1319",21,"Berea"
"1320",1,"Michigan State"
"1321",2,"Grand Valley St."
"1322",3,"Saginaw Valley"
"1323",4,"Ferris State"
"1324",5,"Trine"
"1325",6,"Michigan Running Club"
"1326",7,"MSU Running Club"
"1327",8,"Spring Arbor"
"1328",9,"Lourdes"
"1329",10,"St. Clair County CC"
"1330",11,"Lake Michigan College"
"1331",12,"Lansing CC"
"1332",1,"Purdue Fort Wayne"
"1333",2,"Trine"
"1334",3,"St. Francis (Ind.)"
"1335",1,"DePauw"
"1336",2,"Wheaton (Ill.)"
"1337",3,"Wis.-Platteville"
"1338",4,"Illinois Wesleyan"
"1339",5,"Aurora"
"1340",6,"Carthage"
"1341",7,"Carroll (Wis.)"
"1342",8,"Elmhurst"
"1343",9,"North Central (Ill.)"
"1344",10,"Manchester"
"1345",11,"St. Mary's (Ind.)"
"1346",12,"Lake Forest"
"1347",13,"Roosevelt"
"1348",14,"Concordia Univ. Chicago"
"1349",15,"Beloit"
"1350",16,"Judson"
"1351",17,"Illinois Tech"
"1352",18,"Dominican (Ill.)"
"1353",19,"Illinois Valley"
"1354",1,"Connecticut College"
"1355",2,"Coast Guard"
"1356",3,"Trinity (Conn.)"
"1357",4,"Westfield State"
"1358",5,"Clark (Mass.)"
"1359",6,"Springfield"
"1360",7,"Salve Regina"
"1361",8,"UMass Dartmouth"
"1362",9,"Roger Williams"
"1363",10,"Eastern Conn. St."
"1364",11,"RIC"
"1365",1,"Brown"
"1366",2,"Northeastern"
"1367",3,"Rhode Island"
"1368",4,"Connecticut College"
"1369",5,"Boston University"
"1370",6,"UMass Lowell"
"1371",7,"Merrimack"
"1372",8,"Bryant"
"1373",9,"Holy Cross"
"1374",10,"Keene State"
"1375",11,"So. Conn. St."
"1376",12,"East Stroudsburg"
"1377",13,"Bentley"
"1378",14,"Westfield State"
"1379",15,"Mount Holyoke"
"1380",16,"Brandeis"
"1381",17,"Trinity (Conn.)"
"1382",18,"Adelphi"
"1383",19,"Coast Guard"
"1384",20,"Springfield"
"1385",21,"UMass Dartmouth"
"1386",22,"St. Anselm"
"1387",23,"Salve Regina"
"1388",24,"SNHU"
"1389",25,"Babson"
"1390",26,"Eastern Conn. St."
"1391",27,"Clark (Mass.)"
"1392",28,"Plymouth State"
"1393",29,"Southern Maine"
"1394",30,"Colby-Sawyer"
"1395",31,"Wheaton (Mass.)"
"1396",32,"Framingham St."
"1397",33,"Johnson & Wales (R.I.)"
"1398",34,"Roger Williams"
"1399",35,"RIC"
"1400",36,"Assumption"
"1401",37,"Simmons"
"1402",38,"UMass Boston"
"1403",39,"Worcester State"
"1404",40,"St. Joseph's (Me.)"
"1405",41,"Rivier"
"1406",42,"Regis (Mass.)"
"1407",43,"Mass. Maritime"
"1408",44,"Fitchburg St."
"1409",45,"Dean (Mass.)"
"1410",1,"St. Joseph's (Pa.)"
"1411",2,"Rowan"
"1412",3,"Ramapo"
"1413",4,"TCNJ"
"1414",5,"Lincoln (Pa.)"
"1415",6,"New Jersey City"
"1416",7,"Medgar Evers"
"1417",8,"Rutgers-Newark"
"1418",1,"Rowan"
"1419",2,"TCNJ"
"1420",3,"Stockton"
"1421",4,"Ramapo"
"1422",5,"Montclair State"
"1423",6,"New Jersey City"
"1424",7,"Rutgers-Camden"
"1425",8,"Kean"
"1426",NA,"Rutgers-Newark"
"1427",1,"Rowan"
"1428",2,"Swarthmore"
"1429",3,"TCNJ"
"1430",4,"Widener"
"1431",5,"Moravian"
"1432",6,"Stockton"
"1433",7,"Haverford"
"1434",8,"Ramapo"
"1435",9,"Stevens"
"1436",10,"Bryn Mawr"
"1437",11,"Montclair State"
"1438",12,"DeSales"
"1439",13,"Ursinus"
"1440",14,"Eastern"
"1441",15,"Arcadia"
"1442",16,"Muhlenberg"
"1443",17,"Drew"
"1444",18,"Delaware Valley"
"1445",19,"Cairn"
"1446",20,"St. Joseph's (L.I.)"
"1447",21,"Cedar Crest"
"1448",22,"Valley Forge"
"1449",23,"Medgar Evers"
"1450",24,"Kean"
"1451",25,"PSU-Abington"
